loanId;firstname;surname;city;email;tel
24WlFGwBFFq7-AkprqSS;Radim2Daniel;2Panek;2Liberec;client2@gmail.com;731011221
34WlFGwBFFq7-AkprqSS;Radim3Daniel;3Panek;3Liberec;client3@gmail.com;731011222
54WlFGwBFFq7-AkprqSS;Radim4Daniel;4Panek;4Liberec;client4@gmail.com;731011223
64WlFGwBFFq7-AkprqSS;Radim5Daniel;5Panek;5Liberec;client5@gmail.com;731011224
74WlFGwBFFq7-AkprqSS;Radim6Daniel;6Panek;6Liberec;client6@gmail.com;731011225
84WlFGwBFFq7-AkprqSS;Radim7Daniel;7Panek;7Liberec;client7@gmail.com;731011226
94WlFGwBFFq7-AkprqSS;Radim8Daniel;8Panek;8Liberec;client8@gmail.com;731011227
04WlFGwBFFq7-AkprqSS;Radim9Daniel;9Panek;9Liberec;client9@gmail.com;731011228
10WlFGwBFFq7-AkprqSS;Radim10Daniel;10Panek;10Liberec;client10@gmail.com;731011200
11WlFGwBFFq7-AkprqSS;Radim11Daniel;11Panek;11Liberec;client11@gmail.com;731011201
12WlFGwBFFq7-AkprqSS;Radim12Daniel;12Panek;12Liberec;client12@gmail.com;731011202
13WlFGwBFFq7-AkprqSS;Radim13Daniel;13Panek;13Liberec;client13@gmail.com;731011203
14WlFGwBFFq7-AkprqSS;Radim14Daniel;14Panek;14Liberec;client14@gmail.com;731011204
15WlFGwBFFq7-AkprqSS;Radim15Daniel;15Panek;15Liberec;client15@gmail.com;731011205
16WlFGwBFFq7-AkprqSS;Radim16Daniel;16Panek;16Liberec;client16@gmail.com;731011206
17WlFGwBFFq7-AkprqSS;Radim17Daniel;17Panek;17Liberec;client17@gmail.com;731011207
18WlFGwBFFq7-AkprqSS;Radim18Daniel;18Panek;18Liberec;client18@gmail.com;731011208
19WlFGwBFFq7-AkprqSS;Radim19Daniel;19Panek;19Liberec;client19@gmail.com;731011209
20WlFGwBFFq7-AkprqSS;Radim20Daniel;20Panek;20Liberec;client20@gmail.com;731011210
21WlFGwBFFq7-AkprqSS;Radim21Daniel;21Panek;21Liberec;client21@gmail.com;731011211
22WlFGwBFFq7-AkprqSS;Radim22Daniel;22Panek;22Liberec;client22@gmail.com;731011212
23WlFGwBFFq7-AkprqSS;Radim23Daniel;23Panek;23Liberec;client23@gmail.com;731011213
24WlFGwBFFq7-AkprqSS;Radim24Daniel;24Panek;24Liberec;client24@gmail.com;731011214
25WlFGwBFFq7-AkprqSS;Radim25Daniel;25Panek;25Liberec;client25@gmail.com;731011215
26WlFGwBFFq7-AkprqSS;Radim26Daniel;26Panek;26Liberec;client26@gmail.com;731011216
27WlFGwBFFq7-AkprqSS;Radim27Daniel;27Panek;27Liberec;client27@gmail.com;731011217
28WlFGwBFFq7-AkprqSS;Radim28Daniel;28Panek;28Liberec;client28@gmail.com;731011218
